Lookup ID,Isotope,,A1 (TBq),,A2 (TBq),,activity concentration limit for exempt matertial (Bq/g),,activity limit for an exempt consignment (Bq),,,,,,,,,,,,,,,,,
Ac225,Ac-225,(a),8.00E-01,,6.00E-03,,1.00E+01,,1.00E+04,,,,,,,,,,,,,,,,,
Ac227,Ac-227,(a),9.00E-01,,9.00E-05,,1.00E-01,,1.00E+03,,,,,,,,,,,,,,,,,
Ac228,Ac-228,,6.00E-01,,5.00E-01,,1.00E+01,,1.00E+06,,,,,,,,,,,,,,,,,
Ag105,Ag-105,,2.00E+00,,2.00E+00,,1.00E+02,,1.00E+06,,,,,,,,,,,,,,,,,
Ag108m,Ag-108m,(a),7.00E-01,,7.00E-01,,1.00E+01,(b),1.00E+06,(b),,,,,,,,,,,,,,,,
Ag110m,Ag-110m,(a),4.00E-01,,4.00E-01,,1.00E+01,,1.00E+06,,,,,,,,,,,,,,,,,
Ag111,Ag-111,,2.00E+00,,6.00E-01,,1.00E+03,,1.00E+06,,,,,,,,,,,,,,,,,
Al26,Al-26,,1.00E-01,,1.00E-01,,1.00E+01,,1.00E+05,,,,,,,,,,,,,,,,,
Am241,Am-241,,1.00E+01,,1.00E-03,,1.00E+00,,1.00E+04,,,,,,,,,,,,,,,,,
Am242m,Am-242m,(a),1.00E+01,,1.00E-03,,1.00E+00,(b),1.00E+04,(b),,,,,,,,,,,,,,,,
Am243,Am-243,(a),5.00E+00,,1.00E-03,,1.00E+00,(b),1.00E+03,(b),,,,,,,,,,,,,,,,
Ar37,Ar-37,,4.00E+01,,4.00E+01,,1.00E+06,,1.00E+08,,,,,,,,,,,,,,,,,
Ar39,Ar-39,,4.00E+01,,2.00E+01,,1.00E+07,,1.00E+04,,,,,,,,,,,,,,,,,
Ar41,Ar-41,,3.00E-01,,3.00E-01,,1.00E+02,,1.00E+09,,,,,,,,,,,,,,,,,
As72,As-72,,3.00E-01,,3.00E-01,,1.00E+01,,1.00E+05,,,,,,,,,,,,,,,,,
As73,As-73,,4.00E+01,,4.00E+01,,1.00E+03,,1.00E+07,,,,,,,,,,,,,,,,,
As74,As-74,,1.00E+00,,9.00E-01,,1.00E+01,,1.00E+06,,,,,,,,,,,,,,,,,
As76,As-76,,3.00E-01,,3.00E-01,,1.00E+02,,1.00E+05,,,,,,,,,,,,,,,,,
As77,As-77,,2.00E+01,,7.00E-01,,1.00E+03,,1.00E+06,,,,,,,,,,,,,,,,,
At211,At-211,(a),2.00E+01,,5.00E-01,,1.00E+03,,1.00E+07,,,,,,,,,,,,,,,,,
Au193,Au-193,,7.00E+00,,2.00E+00,,1.00E+02,,1.00E+07,,,,,,,,,,,,,,,,,
Au194,Au-194,,1.00E+00,,1.00E+00,,1.00E+01,,1.00E+06,,,,,,,,,,,,,,,,,
Au195,Au-195,,1.00E+01,,6.00E+00,,1.00E+02,,1.00E+07,,,,,,,,,,,,,,,,,
Au198,Au-198,,1.00E+00,,6.00E-01,,1.00E+02,,1.00E+06,,,,,,,,,,,,,,,,,
Au199,Au-199,,1.00E+01,,6.00E-01,,1.00E+02,,1.00E+06,,,,,,,,,,,,,,,,,
Ba131,Ba-131,(a),2.00E+00,,2.00E+00,,1.00E+02,,1.00E+06,,,,,,,,,,,,,,,,,
Ba133,Ba-133,,3.00E+00,,3.00E+00,,1.00E+02,,1.00E+06,,,,,,,,,,,,,,,,,
Ba133m,Ba-133m,,2.00E+01,,6.00E-01,,1.00E+02,,1.00E+06,,,,,,,,,,,,,,,,,
Ba135m,Ba-135m,,2.00E+01,,6.00E-01,,1.00E+02,,1.00E+06,,,,,,,,,,,,,,,,,
Ba140,Ba-140,(a),5.00E-01,,3.00E-01,,1.00E+01,(b),1.00E+05,(b),,,,,,,,,,,,,,,,
Be7,Be-7,,2.00E+01,,2.00E+01,,1.00E+03,,1.00E+07,,,,,,,,,,,,,,,,,
Be10,Be-10,,4.00E+01,,6.00E-01,,1.00E+04,,1.00E+06,,,,,,,,,,,,,,,,,
Bi205,Bi-205,,7.00E-01,,7.00E-01,,1.00E+01,,1.00E+06,,,,,,,,,,,,,,,,,
Bi206,Bi-206,,3.00E-01,,3.00E-01,,1.00E+01,,1.00E+05,,,,,,,,,,,,,,,,,
Bi207,Bi-207,,7.00E-01,,7.00E-01,,1.00E+01,,1.00E+06,,,,,,,,,,,,,,,,,
Bi210,Bi-210,,1.00E+00,,6.00E-01,,1.00E+03,,1.00E+06,,,,,,,,,,,,,,,,,
Bi210m,Bi-210m,(a),6.00E-01,,2.00E-02,,1.00E+01,,1.00E+05,,,,,,,,,,,,,,,,,
Bi212,Bi-212,(a),7.00E-01,,6.00E-01,,1.00E+01,(b),1.00E+05,(b),,,,,,,,,,,,,,,,
Bk247,Bk-247,,8.00E+00,,8.00E-04,,1.00E+00,,1.00E+04,,,,,,,,,,,,,,,,,
Bk249,Bk-249,(a),4.00E+01,,3.00E-01,,1.00E+03,,1.00E+06,,,,,,,,,,,,,,,,,
Br76,Br-76,,4.00E-01,,4.00E-01,,1.00E+01,,1.00E+05,,,,,,,,,,,,,,,,,
Br77,Br-77,,3.00E+00,,3.00E+00,,1.00E+02,,1.00E+06,,,,,,,,,,,,,,,,,
Br82,Br-82,,4.00E-01,,4.00E-01,,1.00E+01,,1.00E+06,,,,,,,,,,,,,,,,,
C11,C-11,,1.00E+00,,6.00E-01,,1.00E+01,,1.00E+06,,,,,,,,,,,,,,,,,
C14,C-14,,4.00E+01,,3.00E+00,,1.00E+04,,1.00E+07,,,,,,,,,,,,,,,,,
Ca41,Ca-41,,Unlimited,,Unlimited,,1.00E+05,,1.00E+07,,,,,,,,,,,,,,,,,
Ca45,Ca-45,,4.00E+01,,1.00E+00,,1.00E+04,,1.00E+07,,,,,,,,,,,,,,,,,
Ca47,Ca-47,(a),3.00E+00,,3.00E-01,,1.00E+01,,1.00E+06,,,,,,,,,,,,,,,,,
Cd109,Cd-109,,3.00E+01,,2.00E+00,,1.00E+04,,1.00E+06,,,,,,,,,,,,,,,,,
Cd113m,Cd-113m,,4.00E+01,,5.00E-01,,1.00E+03,,1.00E+06,,,,,,,,,,,,,,,,,
Cd115,Cd-115,(a),3.00E+00,,4.00E-01,,1.00E+02,,1.00E+06,,,,,,,,,,,,,,,,,
Cd115m,Cd-115m,,5.00E-01,,5.00E-01,,1.00E+03,,1.00E+06,,,,,,,,,,,,,,,,,
Ce139,Ce-139,,7.00E+00,,2.00E+00,,1.00E+02,,1.00E+06,,,,,,,,,,,,,,,,,
Ce141,Ce-141,,2.00E+01,,6.00E-01,,1.00E+02,,1.00E+07,,,,,,,,,,,,,,,,,
Ce143,Ce-143,,9.00E-01,,6.00E-01,,1.00E+02,,1.00E+06,,,,,,,,,,,,,,,,,
Ce144,Ce-144,(a),2.00E-01,,2.00E-01,,1.00E+02,(b),1.00E+05,(b),,,,,,,,,,,,,,,,
Cf248,Cf-248,,4.00E+01,,6.00E-03,,1.00E+01,,1.00E+04,,,,,,,,,,,,,,,,,
Cf249,Cf-249,,3.00E+00,,8.00E-04,,1.00E+00,,1.00E+03,,,,,,,,,,,,,,,,,
Cf250,Cf-250,,2.00E+01,,2.00E-03,,1.00E+01,,1.00E+04,,,,,,,,,,,,,,,,,
Cf251,Cf-251,,7.00E+00,,7.00E-04,,1.00E+00,,1.00E+03,,,,,,,,,,,,,,,,,
Cf252,Cf-252,,1.00E-01,,3.00E-03,,1.00E+01,,1.00E+04,,,,,,,,,,,,,,,,,
Cf253,Cf-253,(a),4.00E+01,,4.00E-02,,1.00E+02,,1.00E+05,,,,,,,,,,,,,,,,,
Cf254,Cf-254,,1.00E-03,,1.00E-03,,1.00E+00,,1.00E+03,,,,,,,,,,,,,,,,,
Cl36,Cl-36,,1.00E+01,,6.00E-01,,1.00E+04,,1.00E+06,,,,,,,,,,,,,,,,,
Cl38,Cl-38,,2.00E-01,,2.00E-01,,1.00E+01,,1.00E+05,,,,,,,,,,,,,,,,,
Cm240,Cm-240,,4.00E+01,,2.00E-02,,1.00E+02,,1.00E+05,,,,,,,,,,,,,,,,,
Cm241,Cm-241,,2.00E+00,,1.00E+00,,1.00E+02,,1.00E+06,,,,,,,,,,,,,,,,,
Cm242,Cm-242,,4.00E+01,,1.00E-02,,1.00E+02,,1.00E+05,,,,,,,,,,,,,,,,,
Cm243,Cm-243,,9.00E+00,,1.00E-03,,1.00E+00,,1.00E+04,,,,,,,,,,,,,,,,,
Cm244,Cm-244,,2.00E+01,,2.00E-03,,1.00E+01,,1.00E+04,,,,,,,,,,,,,,,,,
Cm245,Cm-245,,9.00E+00,,9.00E-04,,1.00E+00,,1.00E+03,,,,,,,,,,,,,,,,,
Cm246,Cm-246,,9.00E+00,,9.00E-04,,1.00E+00,,1.00E+03,,,,,,,,,,,,,,,,,
Cm247,Cm-247,(a),3.00E+00,,1.00E-03,,1.00E+00,,1.00E+04,,,,,,,,,,,,,,,,,
Cm248,Cm-248,,2.00E-02,,3.00E-04,,1.00E+00,,1.00E+03,,,,,,,,,,,,,,,,,
Co55,Co-55,,5.00E-01,,5.00E-01,,1.00E+01,,1.00E+06,,,,,,,,,,,,,,,,,
Co56,Co-56,,3.00E-01,,3.00E-01,,1.00E+01,,1.00E+05,,,,,,,,,,,,,,,,,
Co57,Co-57,,1.00E+01,,1.00E+01,,1.00E+02,,1.00E+06,,,,,,,,,,,,,,,,,
Co58,Co-58,,1.00E+00,,1.00E+00,,1.00E+01,,1.00E+06,,,,,,,,,,,,,,,,,
Co58m,Co-58m,,4.00E+01,,4.00E+01,,1.00E+04,,1.00E+07,,,,,,,,,,,,,,,,,
Co60,Co-60,,4.00E-01,,4.00E-01,,1.00E+01,,1.00E+05,,,,,,,,,,,,,,,,,
Cr51,Cr-51,,3.00E+01,,3.00E+01,,1.00E+03,,1.00E+07,,,,,,,,,,,,,,,,,
Cs129,Cs-129,,4.00E+00,,4.00E+00,,1.00E+02,,1.00E+05,,,,,,,,,,,,,,,,,
Cs131,Cs-131,,3.00E+01,,3.00E+01,,1.00E+03,,1.00E+06,,,,,,,,,,,,,,,,,
Cs132,Cs-132,,1.00E+00,,1.00E+00,,1.00E+01,,1.00E+05,,,,,,,,,,,,,,,,,
Cs134,Cs-134,,7.00E-01,,7.00E-01,,1.00E+01,,1.00E+04,,,,,,,,,,,,,,,,,
Cs134m,Cs-134m,,4.00E+01,,6.00E-01,,1.00E+03,,1.00E+05,,,,,,,,,,,,,,,,,
Cs135,Cs-135,,4.00E+01,,1.00E+00,,1.00E+04,,1.00E+07,,,,,,,,,,,,,,,,,
Cs136,Cs-136,,5.00E-01,,5.00E-01,,1.00E+01,,1.00E+05,,,,,,,,,,,,,,,,,
Cs137,Cs-137,(a),2.00E+00,,6.00E-01,,1.00E+01,(b),1.00E+04,(b),,,,,,,,,,,,,,,,
Cu64,Cu-64,,6.00E+00,,1.00E+00,,1.00E+02,,1.00E+06,,,,,,,,,,,,,,,,,
Cu67,Cu-67,,1.00E+01,,7.00E-01,,1.00E+02,,1.00E+06,,,,,,,,,,,,,,,,,
Dy159,Dy-159,,2.00E+01,,2.00E+01,,1.00E+03,,1.00E+07,,,,,,,,,,,,,,,,,
Dy165,Dy-165,,9.00E-01,,6.00E-01,,1.00E+03,,1.00E+06,,,,,,,,,,,,,,,,,
Dy166,Dy-166,(a),9.00E-01,,3.00E-01,,1.00E+03,,1.00E+06,,,,,,,,,,,,,,,,,
Er169,Er-169,,4.00E+01,,1.00E+00,,1.00E+04,,1.00E+07,,,,,,,,,,,,,,,,,
Er171,Er-171,,8.00E-01,,5.00E-01,,1.00E+02,,1.00E+06,,,,,,,,,,,,,,,,,
Eu147,Eu-147,,2.00E+00,,2.00E+00,,1.00E+02,,1.00E+06,,,,,,,,,,,,,,,,,
Eu148,Eu-148,,5.00E-01,,5.00E-01,,1.00E+01,,1.00E+06,,,,,,,,,,,,,,,,,
Eu149,Eu-149,,2.00E+01,,2.00E+01,,1.00E+02,,1.00E+07,,,,,,,,,,,,,,,,,
Eu150,Eu-150,(short lived),2.00E+00,,7.00E-01,,1.00E+03,,1.00E+06,,,,,,,,,,,,,,,,,
Eu150,Eu-150,(long lived),7.00E-01,,7.00E-01,,1.00E+01,,1.00E+06,,,,,,,,,,,,,,,,,
Eu152,Eu-152,,1.00E+00,,1.00E+00,,1.00E+01,,1.00E+06,,,,,,,,,,,,,,,,,
Eu152m,Eu-152m,,8.00E-01,,8.00E-01,,1.00E+02,,1.00E+06,,,,,,,,,,,,,,,,,
Eu154,Eu-154,,9.00E-01,,6.00E-01,,1.00E+01,,1.00E+06,,,,,,,,,,,,,,,,,
Eu155,Eu-155,,2.00E+01,,3.00E+00,,1.00E+02,,1.00E+07,,,,,,,,,,,,,,,,,
Eu156,Eu-156,,7.00E-01,,7.00E-01,,1.00E+01,,1.00E+06,,,,,,,,,,,,,,,,,
F18,F-18,,1.00E+00,,6.00E-01,,1.00E+01,,1.00E+06,,,,,,,,,,,,,,,,,
Fe52,Fe-52,(a),3.00E-01,,3.00E-01,,1.00E+01,,1.00E+06,,,,,,,,,,,,,,,,,
Fe55,Fe-55,,4.00E+01,,4.00E+01,,1.00E+04,,1.00E+06,,,,,,,,,,,,,,,,,
Fe59,Fe-59,,9.00E-01,,9.00E-01,,1.00E+01,,1.00E+06,,,,,,,,,,,,,,,,,
Fe60,Fe-60,(a),4.00E+01,,2.00E-01,,1.00E+02,,1.00E+05,,,,,,,,,,,,,,,,,
Ga67,Ga-67,,7.00E+00,,3.00E+00,,1.00E+02,,1.00E+06,,,,,,,,,,,,,,,,,
Ga68,Ga-68,,5.00E-01,,5.00E-01,,1.00E+01,,1.00E+05,,,,,,,,,,,,,,,,,
Ga72,Ga-72,,4.00E-01,,4.00E-01,,1.00E+01,,1.00E+05,,,,,,,,,,,,,,,,,
Gd146,Gd-146,(a),5.00E-01,,5.00E-01,,1.00E+01,,1.00E+06,,,,,,,,,,,,,,,,,
Gd148,Gd-148,,2.00E+01,,2.00E-03,,1.00E+01,,1.00E+04,,,,,,,,,,,,,,,,,
Gd153,Gd-153,,1.00E+01,,9.00E+00,,1.00E+02,,1.00E+07,,,,,,,,,,,,,,,,,
Gd159,Gd-159,,3.00E+00,,6.00E-01,,1.00E+03,,1.00E+06,,,,,,,,,,,,,,,,,
Ge68,Ge-68,(a),5.00E-01,,5.00E-01,,1.00E+01,,1.00E+05,,,,,,,,,,,,,,,,,
Ge69,Ge-69,,1.00E+00,,1.00E+00,,1.00E+01,,1.00E+06,,,,,,,,,,,,,,,,,
Gr71,Gr-71,,4.00E+01,,4.00E+01,,1.00E+04,,1.00E+08,,,,,,,,,,,,,,,,,
Ge77,Ge-77,,3.00E-01,,3.00E-01,,1.00E+01,,1.00E+05,,,,,,,,,,,,,,,,,
Hf172,Hf-172,(a),6.00E-01,,6.00E-01,,1.00E+01,,1.00E+06,,,,,,,,,,,,,,,,,
Hf175,Hf-175,,3.00E+00,,3.00E+00,,1.00E+02,,1.00E+06,,,,,,,,,,,,,,,,,
Hf181,Hf-181,,2.00E+00,,5.00E-01,,1.00E+01,,1.00E+06,,,,,,,,,,,,,,,,,
Hf182,Hf-182,,Unlimited,,Unlimited,,1.00E+02,,1.00E+06,,,,,,,,,,,,,,,,,
Hg194,Hg-194,(a),1.00E+00,,1.00E+00,,1.00E+01,,1.00E+06,,,,,,,,,,,,,,,,,
Hg195m,Hg-195m,(a),3.00E+00,,7.00E-01,,1.00E+02,,1.00E+06,,,,,,,,,,,,,,,,,
Hg197,Hg-197,,2.00E+01,,1.00E+01,,1.00E+02,,1.00E+07,,,,,,,,,,,,,,,,,
Hg197m,Hg-197m,,1.00E+01,,4.00E-01,,1.00E+02,,1.00E+06,,,,,,,,,,,,,,,,,
Hg203,Hg-203,,5.00E+00,,1.00E+00,,1.00E+02,,1.00E+05,,,,,,,,,,,,,,,,,
Ho166,Ho-166,,4.00E-01,,4.00E-01,,1.00E+03,,1.00E+05,,,,,,,,,,,,,,,,,
Ho166m,Ho-166m,,6.00E-01,,5.00E-01,,1.00E+01,,1.00E+06,,,,,,,,,,,,,,,,,
I123,I-123,,6.00E+00,,3.00E+00,,1.00E+02,,1.00E+07,,,,,,,,,,,,,,,,,
I124,I-124,,1.00E+00,,1.00E+00,,1.00E+01,,1.00E+06,,,,,,,,,,,,,,,,,
I125,I-125,,2.00E+01,,3.00E+00,,1.00E+03,,1.00E+06,,,,,,,,,,,,,,,,,
I126,I-126,,2.00E+00,,1.00E+00,,1.00E+02,,1.00E+06,,,,,,,,,,,,,,,,,
I129,I-129,,Unlimited,,Unlimited,,1.00E+02,,1.00E+05,,,,,,,,,,,,,,,,,
I131,I-131,,3.00E+00,,7.00E-01,,1.00E+02,,1.00E+06,,,,,,,,,,,,,,,,,
I132,I-132,,4.00E-01,,4.00E-01,,1.00E+01,,1.00E+05,,,,,,,,,,,,,,,,,
I133,I-133,,7.00E-01,,6.00E-01,,1.00E+01,,1.00E+06,,,,,,,,,,,,,,,,,
I134,I-134,,3.00E-01,,3.00E-01,,1.00E+01,,1.00E+05,,,,,,,,,,,,,,,,,
I135,I-135,(a),6.00E-01,,6.00E-01,,1.00E+01,,1.00E+06,,,,,,,,,,,,,,,,,
In111,In-111,,3.00E+00,,3.00E+00,,1.00E+02,,1.00E+06,,,,,,,,,,,,,,,,,
In113m,In-113m,,4.00E+00,,2.00E+00,,1.00E+02,,1.00E+06,,,,,,,,,,,,,,,,,
In114m,In-114m,(a),1.00E+01,,5.00E-01,,1.00E+02,,1.00E+06,,,,,,,,,,,,,,,,,
In115m,In-115m,,7.00E+00,,1.00E+00,,1.00E+02,,1.00E+06,,,,,,,,,,,,,,,,,
Ir189,Ir-189,(a),1.00E+01,,1.00E+01,,1.00E+02,,1.00E+07,,,,,,,,,,,,,,,,,
Ir190,Ir-190,,7.00E-01,,7.00E-01,,1.00E+01,,1.00E+06,,,,,,,,,,,,,,,,,
Ir192,Ir-192,,1.00E+00,(c),6.00E-01,,1.00E+01,,1.00E+04,,,,,,,,,,,,,,,,,
Ir193m,Ir-193m,,4.00E+01,,4.00E+00,,1.00E+04,,1.00E+07,,,,,,,,,,,,,,,,,
Ir194,Ir-194,,3.00E-01,,3.00E-01,,1.00E+02,,1.00E+05,,,,,,,,,,,,,,,,,
K40,K-40,,9.00E-01,,9.00E-01,,1.00E+02,,1.00E+06,,,,,,,,,,,,,,,,,
K42,K-42,,2.00E-01,,2.00E-01,,1.00E+02,,1.00E+06,,,,,,,,,,,,,,,,,
K43,K-43,,7.00E-01,,6.00E-01,,1.00E+01,,1.00E+06,,,,,,,,,,,,,,,,,
Kr79,Kr-79,,4.00E+00,,2.00E+00,,1.00E+03,,1.00E+05,,,,,,,,,,,,,,,,,
Kr81,Kr-81,,4.00E+01,,4.00E+01,,1.00E+04,,1.00E+07,,,,,,,,,,,,,,,,,
Kr85,Kr-85,,1.00E+01,,1.00E+01,,1.00E+05,,1.00E+04,,,,,,,,,,,,,,,,,
Kr85m,Kr-85m,,8.00E+00,,3.00E+00,,1.00E+03,,1.00E+10,,,,,,,,,,,,,,,,,
Kr87,Kr-87,,2.00E-01,,2.00E-01,,1.00E+02,,1.00E+09,,,,,,,,,,,,,,,,,
La137,La-137,,3.00E+01,,6.00E+00,,1.00E+03,,1.00E+07,,,,,,,,,,,,,,,,,
La140,La-140,,4.00E-01,,4.00E-01,,1.00E+01,,1.00E+05,,,,,,,,,,,,,,,,,
Lu172,Lu-172,,6.00E-01,,6.00E-01,,1.00E+01,,1.00E+06,,,,,,,,,,,,,,,,,
Lu173,Lu-173,,8.00E+00,,8.00E+00,,1.00E+02,,1.00E+07,,,,,,,,,,,,,,,,,
Lu174,Lu-174,,9.00E+00,,9.00E+00,,1.00E+02,,1.00E+07,,,,,,,,,,,,,,,,,
Lu174m,Lu-174m,,2.00E+01,,1.00E+01,,1.00E+02,,1.00E+07,,,,,,,,,,,,,,,,,
Lu177,Lu-177,,3.00E+01,,7.00E-01,,1.00E+03,,1.00E+07,,,,,,,,,,,,,,,,,
Mg28,Mg-28,(a),3.00E-01,,3.00E-01,,1.00E+01,,1.00E+05,,,,,,,,,,,,,,,,,
Mn52,Mn-52,,3.00E-01,,3.00E-01,,1.00E+01,,1.00E+05,,,,,,,,,,,,,,,,,
Mn53,Mn-53,,Unlimited,,Unlimited,,1.00E+04,,1.00E+09,,,,,,,,,,,,,,,,,
Mn54,Mn-54,,1.00E+00,,1.00E+00,,1.00E+01,,1.00E+06,,,,,,,,,,,,,,,,,
Mn56,Mn-56,,3.00E-01,,3.00E-01,,1.00E+01,,1.00E+05,,,,,,,,,,,,,,,,,
Mo93,Mo-93,,4.00E+01,,2.00E+01,,1.00E+03,,1.00E+08,,,,,,,,,,,,,,,,,
Mo99,Mo-99,(a),1.00E+00,,6.00E-01,,1.00E+02,,1.00E+06,,,,,,,,,,,,,,,,,
N13,N-13,,9.00E-01,,6.00E-01,,1.00E+02,,1.00E+09,,,,,,,,,,,,,,,,,
Na22,Na-22,,5.00E-01,,5.00E-01,,1.00E+01,,1.00E+06,,,,,,,,,,,,,,,,,
Na24,Na-24,,2.00E-01,,2.00E-01,,1.00E+01,,1.00E+05,,,,,,,,,,,,,,,,,
Nb93m,Nb-93m,,4.00E+01,,3.00E+01,,1.00E+04,,1.00E+07,,,,,,,,,,,,,,,,,
Nb94,Nb-94,,7.00E-01,,7.00E-01,,1.00E+01,,1.00E+06,,,,,,,,,,,,,,,,,
Nb95,Nb-95,,1.00E+00,,1.00E+00,,1.00E+01,,1.00E+06,,,,,,,,,,,,,,,,,
Nb97,Nb-97,,9.00E-01,,6.00E-01,,1.00E+01,,1.00E+06,,,,,,,,,,,,,,,,,
Nd147,Nd-147,,6.00E+00,,6.00E-01,,1.00E+02,,1.00E+06,,,,,,,,,,,,,,,,,
Nd149,Nd-149,,6.00E-01,,5.00E-01,,1.00E+02,,1.00E+06,,,,,,,,,,,,,,,,,
Ni57,Ni-57,,6.00E-01,,6.00E-01,,1.00E+01,,1.00E+06,,,,,,,,,,,,,,,,,
Ni59,Ni-59,,Unlimited,,Unlimited,,1.00E+04,,1.00E+08,,,,,,,,,,,,,,,,,
Ni63,Ni-63,,4.00E+01,,3.00E+01,,1.00E+05,,1.00E+08,,,,,,,,,,,,,,,,,
Ni65,Ni-65,,4.00E-01,,4.00E-01,,1.00E+01,,1.00E+06,,,,,,,,,,,,,,,,,
Np235,Np-235,,4.00E+01,,4.00E+01,,1.00E+03,,1.00E+07,,,,,,,,,,,,,,,,,
Np236,Np-236,(short lived),2.00E+01,,2.00E+00,,1.00E+03,,1.00E+07,,,,,,,,,,,,,,,,,
Np236,Np-236,(long lived),9.00E+00,,2.00E-02,,1.00E+02,,1.00E+05,,,,,,,,,,,,,,,,,
Np237,Np-237,,2.00E+01,,2.00E-03,,1.00E+00,(b),1.00E+03,(b),,,,,,,,,,,,,,,,
Np239,Np-239,,7.00E+00,,4.00E-01,,1.00E+02,,1.00E+07,,,,,,,,,,,,,,,,,
Os185,Os-185,,1.00E+00,,1.00E+00,,1.00E+01,,1.00E+06,,,,,,,,,,,,,,,,,
Os191,Os-191,,1.00E+01,,2.00E+00,,1.00E+02,,1.00E+07,,,,,,,,,,,,,,,,,
Os191m,Os-191m,,4.00E+01,,3.00E+01,,1.00E+03,,1.00E+07,,,,,,,,,,,,,,,,,
Os193,Os-193,,2.00E+00,,6.00E-01,,1.00E+02,,1.00E+06,,,,,,,,,,,,,,,,,
Os194,Os-194,(a),3.00E-01,,3.00E-01,,1.00E+02,,1.00E+05,,,,,,,,,,,,,,,,,
P32,P-32,,5.00E-01,,5.00E-01,,1.00E+03,,1.00E+05,,,,,,,,,,,,,,,,,
P33,P-33,,4.00E+01,,1.00E+00,,1.00E+05,,1.00E+08,,,,,,,,,,,,,,,,,
Pa230,Pa-230,(a),2.00E+00,,7.00E-02,,1.00E+01,,1.00E+06,,,,,,,,,,,,,,,,,
Pa231,Pa-231,,4.00E+00,,4.00E-04,,1.00E+00,,1.00E+03,,,,,,,,,,,,,,,,,
Pa233,Pa-233,,5.00E+00,,7.00E-01,,1.00E+02,,1.00E+07,,,,,,,,,,,,,,,,,
Pb201,Pb-201,,1.00E+00,,1.00E+00,,1.00E+01,,1.00E+06,,,,,,,,,,,,,,,,,
Pb202,Pb-202,,4.00E+01,,2.00E+01,,1.00E+03,,1.00E+06,,,,,,,,,,,,,,,,,
Pb203,Pb-203,,4.00E+00,,3.00E+00,,1.00E+02,,1.00E+06,,,,,,,,,,,,,,,,,
Pb205,Pb-205,,Unlimited,,Unlimited,,1.00E+04,,1.00E+07,,,,,,,,,,,,,,,,,
Pb210,Pb-210,(a),1.00E+00,,5.00E-02,,1.00E+01,(b),1.00E+04,(b),,,,,,,,,,,,,,,,
Pb212,Pb-212,(a),7.00E-01,,2.00E-01,,1.00E+01,(b),1.00E+05,(b),,,,,,,,,,,,,,,,
Pd103,Pd-103,(a),4.00E+01,,4.00E+01,,1.00E+03,,1.00E+08,,,,,,,,,,,,,,,,,
Pd107,Pd-107,,Unlimited,,Unlimited,,1.00E+05,,1.00E+08,,,,,,,,,,,,,,,,,
Pd109,Pd-109,,2.00E+00,,5.00E-01,,1.00E+03,,1.00E+06,,,,,,,,,,,,,,,,,
Pm143,Pm-143,,3.00E+00,,3.00E+00,,1.00E+02,,1.00E+06,,,,,,,,,,,,,,,,,
Pm144,Pm-144,,7.00E-01,,7.00E-01,,1.00E+01,,1.00E+06,,,,,,,,,,,,,,,,,
Pm145,Pm-145,,3.00E+01,,1.00E+01,,1.00E+03,,1.00E+07,,,,,,,,,,,,,,,,,
Pm147,Pm-147,,4.00E+01,,2.00E+00,,1.00E+04,,1.00E+07,,,,,,,,,,,,,,,,,
Pm148m,Pm-148m,(a),8.00E-01,,7.00E-01,,1.00E+01,,1.00E+06,,,,,,,,,,,,,,,,,
Pm149,Pm-149,,2.00E+00,,6.00E-01,,1.00E+03,,1.00E+06,,,,,,,,,,,,,,,,,
Pm151,Pm-151,,2.00E+00,,6.00E-01,,1.00E+02,,1.00E+06,,,,,,,,,,,,,,,,,
Po210,Po-210,,4.00E+01,,2.00E-02,,1.00E+01,,1.00E+04,,,,,,,,,,,,,,,,,
Pr142,Pr-142,,4.00E-01,,4.00E-01,,1.00E+02,,1.00E+05,,,,,,,,,,,,,,,,,
Pr143,Pr-143,,3.00E+00,,6.00E-01,,1.00E+04,,1.00E+06,,,,,,,,,,,,,,,,,
Pt188,Pt-188,(a),1.00E+00,,8.00E-01,,1.00E+01,,1.00E+06,,,,,,,,,,,,,,,,,
Pt191,Pt-191,,4.00E+00,,3.00E+00,,1.00E+02,,1.00E+06,,,,,,,,,,,,,,,,,
Pt193,Pt-193,,4.00E+01,,4.00E+01,,1.00E+04,,1.00E+07,,,,,,,,,,,,,,,,,
Pt193m,Pt-193m,,4.00E+01,,5.00E-01,,1.00E+03,,1.00E+07,,,,,,,,,,,,,,,,,
Pt195m,Pt-195m,,1.00E+01,,5.00E-01,,1.00E+02,,1.00E+06,,,,,,,,,,,,,,,,,
Pt197,Pt-197,,2.00E+01,,6.00E-01,,1.00E+03,,1.00E+06,,,,,,,,,,,,,,,,,
Pt197m,Pt-197m,,1.00E+01,,6.00E-01,,1.00E+02,,1.00E+06,,,,,,,,,,,,,,,,,
Pu236,Pu-236,,3.00E+01,,3.00E-03,,1.00E+01,,1.00E+04,,,,,,,,,,,,,,,,,
Pu237,Pu-237,,2.00E+01,,2.00E+01,,1.00E+03,,1.00E+07,,,,,,,,,,,,,,,,,
Pu238,Pu-238,,1.00E+01,,1.00E-03,,1.00E+00,,1.00E+04,,,,,,,,,,,,,,,,,
Pu239,Pu-239,,1.00E+01,,1.00E-03,,1.00E+00,,1.00E+04,,,,,,,,,,,,,,,,,
Pu240,Pu-240,,1.00E+01,,1.00E-03,,1.00E+00,,1.00E+03,,,,,,,,,,,,,,,,,
Pu241,Pu-241,(a),4.00E+01,,6.00E-02,,1.00E+02,,1.00E+05,,,,,,,,,,,,,,,,,
Pu242,Pu-242,,1.00E+01,,1.00E-03,,1.00E+00,,1.00E+04,,,,,,,,,,,,,,,,,
Pu244,Pu-244,(a),4.00E-01,,1.00E-03,,1.00E+00,,1.00E+04,,,,,,,,,,,,,,,,,
Ra223,Ra-223,(a),4.00E-01,,7.00E-03,,1.00E+02,(b),1.00E+05,(b),,,,,,,,,,,,,,,,
Ra224,Ra-224,(a),4.00E-01,,2.00E-02,,1.00E+01,(b),1.00E+05,(b),,,,,,,,,,,,,,,,
Ra225,Ra-225,(a),2.00E-01,,4.00E-03,,1.00E+02,,1.00E+05,,,,,,,,,,,,,,,,,
Ra226,Ra-226,(a),2.00E-01,,3.00E-03,,1.00E+01,(b),1.00E+04,(b),,,,,,,,,,,,,,,,
Ra228,Ra-228,(a),6.00E-01,,2.00E-02,,1.00E+01,(b),1.00E+05,(b),,,,,,,,,,,,,,,,
Rb81,Rb-81,,2.00E+00,,8.00E-01,,1.00E+01,,1.00E+06,,,,,,,,,,,,,,,,,
Rb83,Rb-83,(a),2.00E+00,,2.00E+00,,1.00E+02,,1.00E+06,,,,,,,,,,,,,,,,,
Rb84,Rb-84,,1.00E+00,,1.00E+00,,1.00E+01,,1.00E+06,,,,,,,,,,,,,,,,,
Rb86,Rb-86,,5.00E-01,,5.00E-01,,1.00E+02,,1.00E+05,,,,,,,,,,,,,,,,,
Rb87,Rb-87,,Unlimited,,Unlimited,,1.00E+04,,1.00E+07,,,,,,,,,,,,,,,,,
Rb,Rb,(natural),Unlimited,,Unlimited,,1.00E+04,,1.00E+07,,,,,,,,,,,,,,,,,
Re184,Re-184,,1.00E+00,,1.00E+00,,1.00E+01,,1.00E+06,,,,,,,,,,,,,,,,,
Re184m,Re-184m,,3.00E+00,,1.00E+00,,1.00E+02,,1.00E+06,,,,,,,,,,,,,,,,,
Re186,Re-186,,2.00E+00,,6.00E-01,,1.00E+03,,1.00E+06,,,,,,,,,,,,,,,,,
Re187,Re-187,,Unlimited,,Unlimited,,1.00E+06,,1.00E+09,,,,,,,,,,,,,,,,,
Re188,Re-188,,4.00E-01,,4.00E-01,,1.00E+02,,1.00E+05,,,,,,,,,,,,,,,,,
Re189,Re-189,(a),3.00E+00,,6.00E-01,,1.00E+02,,1.00E+06,,,,,,,,,,,,,,,,,
Re,Re,(natural),Unlimited,,Unlimited,,1.00E+06,,1.00E+09,,,,,,,,,,,,,,,,,
Rh99,Rh-99,,2.00E+00,,2.00E+00,,1.00E+01,,1.00E+06,,,,,,,,,,,,,,,,,
Rh101,Rh-101,,4.00E+00,,3.00E+00,,1.00E+02,,1.00E+07,,,,,,,,,,,,,,,,,
Rh102,Rh-102,,5.00E-01,,5.00E-01,,1.00E+01,,1.00E+06,,,,,,,,,,,,,,,,,
Rh102m,Rh-102m,,2.00E+00,,2.00E+00,,1.00E+02,,1.00E+06,,,,,,,,,,,,,,,,,
Rh103m,Rh-103m,,4.00E+01,,4.00E+01,,1.00E+04,,1.00E+08,,,,,,,,,,,,,,,,,
Rh105,Rh-105,,1.00E+01,,8.00E-01,,1.00E+02,,1.00E+07,,,,,,,,,,,,,,,,,
Rn222,Rn-222,(a),3.00E-01,,4.00E-03,,1.00E+01,(b),1.00E+08,(b),,,,,,,,,,,,,,,,
Ru97,Ru-97,,5.00E+00,,5.00E+00,,1.00E+02,,1.00E+07,,,,,,,,,,,,,,,,,
Ru103,Ru-103,(a),2.00E+00,,2.00E+00,,1.00E+02,,1.00E+06,,,,,,,,,,,,,,,,,
Ru105,Ru-105,,1.00E+00,,6.00E-01,,1.00E+01,,1.00E+06,,,,,,,,,,,,,,,,,
Ru106,Ru-106,(a),2.00E-01,,2.00E-01,,1.00E+02,(b),1.00E+05,(b),,,,,,,,,,,,,,,,
S35,S-35,,4.00E+01,,3.00E+00,,1.00E+05,,1.00E+08,,,,,,,,,,,,,,,,,
Sb122,Sb-122,,4.00E-01,,4.00E-01,,1.00E+02,,1.00E+04,,,,,,,,,,,,,,,,,
Sb124,Sb-124,,6.00E-01,,6.00E-01,,1.00E+01,,1.00E+06,,,,,,,,,,,,,,,,,
Sb125,Sb-125,,2.00E+00,,1.00E+00,,1.00E+02,,1.00E+06,,,,,,,,,,,,,,,,,
Sb126,Sb-126,,4.00E-01,,4.00E-01,,1.00E+01,,1.00E+05,,,,,,,,,,,,,,,,,
Sc44,Sc-44,,5.00E-01,,5.00E-01,,1.00E+01,,1.00E+05,,,,,,,,,,,,,,,,,
Sc46,Sc-46,,5.00E-01,,5.00E-01,,1.00E+01,,1.00E+06,,,,,,,,,,,,,,,,,
Sc47,Sc-47,,1.00E+01,,7.00E-01,,1.00E+02,,1.00E+06,,,,,,,,,,,,,,,,,
Sc48,Sc-48,,3.00E-01,,3.00E-01,,1.00E+01,,1.00E+05,,,,,,,,,,,,,,,,,
Se75,Se-75,,3.00E+00,,3.00E+00,,1.00E+02,,1.00E+06,,,,,,,,,,,,,,,,,
Se79,Se-79,,4.00E+01,,2.00E+00,,1.00E+04,,1.00E+07,,,,,,,,,,,,,,,,,
Si31,Si-31,,6.00E-01,,6.00E-01,,1.00E+03,,1.00E+06,,,,,,,,,,,,,,,,,
Si32,Si-32,,4.00E+01,,5.00E-01,,1.00E+03,,1.00E+06,,,,,,,,,,,,,,,,,
Sm145,Sm-145,,1.00E+01,,1.00E+01,,1.00E+02,,1.00E+07,,,,,,,,,,,,,,,,,
Sm147,Sm-147,,Unlimited,,Unlimited,,1.00E+01,,1.00E+04,,,,,,,,,,,,,,,,,
Sm151,Sm-151,,4.00E+01,,1.00E+01,,1.00E+04,,1.00E+08,,,,,,,,,,,,,,,,,
Sm153,Sm-153,,9.00E+00,,6.00E-01,,1.00E+02,,1.00E+06,,,,,,,,,,,,,,,,,
Sn113,Sn-113,(a),4.00E+00,,2.00E+00,,1.00E+03,,1.00E+07,,,,,,,,,,,,,,,,,
Sn117m,Sn-117m,,7.00E+00,,4.00E-01,,1.00E+02,,1.00E+06,,,,,,,,,,,,,,,,,
Sn119m,Sn-119m,,4.00E+01,,3.00E+01,,1.00E+03,,1.00E+07,,,,,,,,,,,,,,,,,
Sn121m,Sn-121m,(a),4.00E+01,,9.00E-01,,1.00E+03,,1.00E+07,,,,,,,,,,,,,,,,,
Sn123,Sn-123,,8.00E-01,,6.00E-01,,1.00E+03,,1.00E+06,,,,,,,,,,,,,,,,,
Sn125,Sn-125,,4.00E-01,,4.00E-01,,1.00E+02,,1.00E+05,,,,,,,,,,,,,,,,,
Sn126,Sn-126,(a),6.00E-01,,4.00E-01,,1.00E+01,,1.00E+05,,,,,,,,,,,,,,,,,
Sr82,Sr-82,(a),2.00E-01,,2.00E-01,,1.00E+01,,1.40E+06,,,,,,,,,,,,,,,,,
Sr83,Sr-83,,1.00E+00,,1.00E+00,,1.00E+01,,1.00E+06,,,,,,,,,,,,,,,,,
Sr85,Sr-85,,2.00E+00,,2.00E+00,,1.00E+02,,1.00E+06,,,,,,,,,,,,,,,,,
Sr85m,Sr-85m,,5.00E+00,,5.00E+00,,1.00E+02,,1.00E+07,,,,,,,,,,,,,,,,,
Sr87m,Sr-87m,,3.00E+00,,3.00E+00,,1.00E+02,,1.00E+06,,,,,,,,,,,,,,,,,
Sr89,Sr-89,,6.00E-01,,6.00E-01,,1.00E+03,,1.00E+06,,,,,,,,,,,,,,,,,
Sr90,Sr-90,(a),3.00E-01,,3.00E-01,,1.00E+02,(b),1.00E+04,(b),,,,,,,,,,,,,,,,
Sr91,Sr-91,(a),3.00E-01,,3.00E-01,,1.00E+01,,1.00E+05,,,,,,,,,,,,,,,,,
Sr92,Sr-92,(a),1.00E+00,,3.00E-01,,1.00E+01,,1.00E+06,,,,,,,,,,,,,,,,,
H3,H-3,,4.00E+01,,4.00E+01,,1.00E+06,,1.00E+09,,,,,,,,,,,,,,,,,
Ta178,Ta-178,(long lived),1.00E+00,,8.00E-01,,1.00E+01,,1.00E+06,,,,,,,,,,,,,,,,,
Ta179,Ta-179,,3.00E+01,,3.00E+01,,1.00E+03,,1.00E+07,,,,,,,,,,,,,,,,,
Ta182,Ta-182,,9.00E-01,,5.00E-01,,1.00E+01,,1.00E+04,,,,,,,,,,,,,,,,,
Tb149,Tb-149,,8.00E-01,,8.00E-01,,1.00E+01,,1.00E+06,,,,,,,,,,,,,,,,,
Tb157,Tb-157,,4.00E+01,,4.00E+01,,1.00E+04,,1.00E+07,,,,,,,,,,,,,,,,,
Tb158,Tb-158,,1.00E+00,,1.00E+00,,1.00E+01,,1.00E+06,,,,,,,,,,,,,,,,,
Tb160,Tb-160,,1.00E+00,,6.00E-01,,1.00E+01,,1.00E+06,,,,,,,,,,,,,,,,,
Tb161,Tb-161,,3.00E+01,,7.00E-01,,1.00E+03,,1.00E+06,,,,,,,,,,,,,,,,,
Tc95m,Tc-95m,(a),2.00E+00,,2.00E+00,,1.00E+01,,1.00E+06,,,,,,,,,,,,,,,,,
Tc96,Tc-96,,4.00E-01,,4.00E-01,,1.00E+01,,1.00E+06,,,,,,,,,,,,,,,,,
Tc96m,Tc-96m,(a),4.00E-01,,4.00E-01,,1.00E+03,,1.00E+07,,,,,,,,,,,,,,,,,
Tc97,Tc-97,,Unlimited,,Unlimited,,1.00E+03,,1.00E+08,,,,,,,,,,,,,,,,,
Tc97m,Tc-97m,,4.00E+01,,1.00E+00,,1.00E+03,,1.00E+07,,,,,,,,,,,,,,,,,
Tc98,Tc-98,,8.00E-01,,7.00E-01,,1.00E+01,,1.00E+06,,,,,,,,,,,,,,,,,
Tc99,Tc-99,,4.00E+01,,9.00E-01,,1.00E+04,,1.00E+07,,,,,,,,,,,,,,,,,
Tc99m,Tc-99m,,1.00E+01,,4.00E+00,,1.00E+02,,1.00E+07,,,,,,,,,,,,,,,,,
Te121,Te-121,,2.00E+00,,2.00E+00,,1.00E+01,,1.00E+06,,,,,,,,,,,,,,,,,
Te121m,Te-121m,,5.00E+00,,3.00E+00,,1.00E+02,,1.00E+06,,,,,,,,,,,,,,,,,
Te123m,Te-123m,,8.00E+00,,1.00E+00,,1.00E+02,,1.00E+07,,,,,,,,,,,,,,,,,
Te125m,Te-125m,,2.00E+01,,9.00E-01,,1.00E+03,,1.00E+07,,,,,,,,,,,,,,,,,
Te127,Te-127,,2.00E+01,,7.00E-01,,1.00E+03,,1.00E+06,,,,,,,,,,,,,,,,,
Te127m,Te-127m,(a),2.00E+01,,5.00E-01,,1.00E+03,,1.00E+07,,,,,,,,,,,,,,,,,
Te129,Te-129,,7.00E-01,,6.00E-01,,1.00E+02,,1.00E+06,,,,,,,,,,,,,,,,,
Te129m,Te-129m,(a),8.00E-01,,4.00E-01,,1.00E+03,,1.00E+06,,,,,,,,,,,,,,,,,
Te131m,Te-131m,(a),7.00E-01,,5.00E-01,,1.00E+01,,1.00E+06,,,,,,,,,,,,,,,,,
Te132,Te-132,(a),5.00E-01,,4.00E-01,,1.00E+02,,1.00E+07,,,,,,,,,,,,,,,,,
Th227,Th-227,,1.00E+01,,5.00E-03,,1.00E+01,,1.00E+04,,,,,,,,,,,,,,,,,
Th228,Th-228,(a),5.00E-01,,1.00E-03,,1.00E+00,(b),1.00E+04,(b),,,,,,,,,,,,,,,,
Th229,Th-229,,5.00E+00,,5.00E-04,,1.00E+00,(b),1.00E+03,(b),,,,,,,,,,,,,,,,
Th230,Th-230,,1.00E+01,,1.00E-03,,1.00E+00,,1.00E+04,,,,,,,,,,,,,,,,,
Th231,Th-231,,4.00E+01,,2.00E-02,,1.00E+03,,1.00E+07,,,,,,,,,,,,,,,,,
Th232,Th-232,,Unlimited,,Unlimited,,1.00E+01,,1.00E+04,,,,,,,,,,,,,,,,,
Th234,Th-234,(a),3.00E-01,,3.00E-01,,1.00E+03,(b),1.00E+05,(b),,,,,,,,,,,,,,,,
Th,Th,(natural),Unlimited,,Unlimited,,1.00E+00,(b),1.00E+03,(b),,,,,,,,,,,,,,,,
Ti44,Ti-44,(a),5.00E-01,,4.00E-01,,1.00E+01,,1.00E+05,,,,,,,,,,,,,,,,,
Tl200,Tl-200,,9.00E-01,,9.00E-01,,1.00E+01,,1.00E+06,,,,,,,,,,,,,,,,,
Tl201,Tl-201,,1.00E+01,,4.00E+00,,1.00E+02,,1.00E+06,,,,,,,,,,,,,,,,,
Tl202,Tl-202,,2.00E+00,,2.00E+00,,1.00E+02,,1.00E+06,,,,,,,,,,,,,,,,,
Tl204,Tl-204,,1.00E+01,,7.00E-01,,1.00E+04,,1.00E+04,,,,,,,,,,,,,,,,,
Tm167,Tm-167,,7.00E+00,,8.00E-01,,1.00E+02,,1.00E+06,,,,,,,,,,,,,,,,,
Tm170,Tm-170,,3.00E+00,,6.00E-01,,1.00E+03,,1.00E+06,,,,,,,,,,,,,,,,,
Tm171,Tm-171,,4.00E+01,,4.00E+01,,1.00E+04,,1.00E+08,,,,,,,,,,,,,,,,,
U230,U-230,(fast lung absorption)(a)(d),4.00E+01,,1.00E-01,,1.00E+01,(b),1.00E+05,(b),,,,,,,,,,,,,,,,
U230,U-230,(medium lung absorption)(a)(e),4.00E+01,,4.00E-03,,1.00E+01,,1.00E+04,,,,,,,,,,,,,,,,,
U230,U-230,(slow lung absorption)(a)(f),3.00E+01,,3.00E-03,,1.00E+01,,1.00E+04,,,,,,,,,,,,,,,,,
U232,U-232,(fast lung absorption)(d),4.00E+01,,1.00E-02,,1.00E+00,(b),1.00E+03,(b),,,,,,,,,,,,,,,,
U232,U-232,(medium lung absorption)(e),4.00E+01,,7.00E-03,,1.00E+01,,1.00E+04,,,,,,,,,,,,,,,,,
U232,U-232,(slow lung absorption)(f),1.00E+01,,1.00E-03,,1.00E+01,,1.00E+04,,,,,,,,,,,,,,,,,
U233,U-233,(fast lung absorption)(d),4.00E+01,,9.00E-02,,1.00E+01,,1.00E+04,,,,,,,,,,,,,,,,,
U233,U-233,(medium lung absorption)(e),4.00E+01,,2.00E-02,,1.00E+02,,1.00E+05,,,,,,,,,,,,,,,,,
U233,U-233,(slow lung absorption)(f),4.00E+01,,6.00E-03,,1.00E+01,,1.00E+05,,,,,,,,,,,,,,,,,
U234,U-234,(fast lung absorption)(d),4.00E+01,,9.00E-02,,1.00E+01,,1.00E+04,,,,,,,,,,,,,,,,,
U234,U-234,(medium lung absorption)(e),4.00E+01,,2.00E-02,,1.00E+02,,1.00E+05,,,,,,,,,,,,,,,,,
U234,U-234,(slow lung absorption)(f),4.00E+01,,6.00E-03,,1.00E+01,,1.00E+05,,,,,,,,,,,,,,,,,
U235,U-235,(all lung absorption types)(a)(d)(e)(f),Unlimited,,Unlimited,,1.00E+01,(b),1.00E+04,(b),,,,,,,,,,,,,,,,
U236,U-236,(fast lung absorption)(d),Unlimited,,Unlimited,,1.00E+01,,1.00E+04,,,,,,,,,,,,,,,,,
U236,U-236,(medium lung absorption)(e),4.00E+01,,2.00E-02,,1.00E+02,,1.00E+05,,,,,,,,,,,,,,,,,
U236,U-236,(slow lung absorption)(f),4.00E+01,,6.00E-03,,1.00E+01,,1.00E+04,,,,,,,,,,,,,,,,,
U238,U-238,(all lung absorption types)(d)(e)(f),Unlimited,,Unlimited,,1.00E+01,(b),1.00E+04,(b),,,,,,,,,,,,,,,,
U,U,(natural),Unlimited,,Unlimited,,1.00E+00,(b),1.00E+03,(b),,,,,,,,,,,,,,,,
U,U,(enriched to 20% or less)(g),Unlimited,,Unlimited,,1.00E+00,,1.00E+03,,,,,,,,,,,,,,,,,
U,U,(depleted),Unlimited,,Unlimited,,1.00E+00,,1.00E+03,,,,,,,,,,,,,,,,,
V48,V-48,,4.00E-01,,4.00E-01,,1.00E+01,,1.00E+05,,,,,,,,,,,,,,,,,
V49,V-49,,4.00E+01,,4.00E+01,,1.00E+04,,1.00E+07,,,,,,,,,,,,,,,,,
W178,W-178,(a),9.00E+00,,5.00E+00,,1.00E+01,,1.00E+06,,,,,,,,,,,,,,,,,
W181,W-181,,3.00E+01,,3.00E+01,,1.00E+03,,1.00E+07,,,,,,,,,,,,,,,,,
W185,W-185,,4.00E+01,,8.00E-01,,1.00E+04,,1.00E+07,,,,,,,,,,,,,,,,,
W187,W-187,,2.00E+00,,6.00E-01,,1.00E+02,,1.00E+06,,,,,,,,,,,,,,,,,
W188,W-188,(a),4.00E-01,,3.00E-01,,1.00E+02,,1.00E+05,,,,,,,,,,,,,,,,,
Xe122,Xe-122,(a),4.00E-01,,4.00E-01,,1.00E+02,,1.00E+09,,,,,,,,,,,,,,,,,
Xe123,Xe-123,,2.00E+00,,7.00E-01,,1.00E+02,,1.00E+09,,,,,,,,,,,,,,,,,
Xe127,Xe-127,,4.00E+00,,2.00E+00,,1.00E+03,,1.00E+05,,,,,,,,,,,,,,,,,
Xe131m,Xe-131m,,4.00E+01,,4.00E+01,,1.00E+04,,1.00E+04,,,,,,,,,,,,,,,,,
Xe133,Xe-133,,2.00E+01,,1.00E+01,,1.00E+03,,1.00E+04,,,,,,,,,,,,,,,,,
Xe135,Xe-135,,3.00E+00,,2.00E+00,,1.00E+03,,1.00E+10,,,,,,,,,,,,,,,,,
Y87,Y-87,(a),1.00E+00,,1.00E+00,,1.00E+01,,1.00E+06,,,,,,,,,,,,,,,,,
Y88,Y-88,,4.00E-01,,4.00E-01,,1.00E+01,,1.00E+06,,,,,,,,,,,,,,,,,
Y90,Y-90,,3.00E-01,,3.00E-01,,1.00E+03,,1.00E+05,,,,,,,,,,,,,,,,,
Y91,Y-91,,6.00E-01,,6.00E-01,,1.00E+03,,1.00E+06,,,,,,,,,,,,,,,,,
Y91m,Y-91m,,2.00E+00,,2.00E+00,,1.00E+02,,1.00E+06,,,,,,,,,,,,,,,,,
Y92,Y-92,,2.00E-01,,2.00E-01,,1.00E+02,,1.00E+05,,,,,,,,,,,,,,,,,
Y93,Y-93,,3.00E-01,,3.00E-01,,1.00E+02,,1.00E+05,,,,,,,,,,,,,,,,,
Yb169,Yb-169,,4.00E+00,,1.00E+00,,1.00E+02,,1.00E+07,,,,,,,,,,,,,,,,,
Yb175,Yb-175,,3.00E+01,,9.00E-01,,1.00E+03,,1.00E+07,,,,,,,,,,,,,,,,,
Zn65,Zn-65,,2.00E+00,,2.00E+00,,1.00E+01,,1.00E+06,,,,,,,,,,,,,,,,,
Zn69,Zn-69,,3.00E+00,,6.00E-01,,1.00E+04,,1.00E+06,,,,,,,,,,,,,,,,,
Zn69m,Zn-69m,(a),3.00E+00,,6.00E-01,,1.00E+02,,1.00E+06,,,,,,,,,,,,,,,,,
Zr88,Zr-88,,3.00E+00,,3.00E+00,,1.00E+02,,1.00E+06,,,,,,,,,,,,,,,,,
Zr93,Zr-93,,Unlimited,,Unlimited,,1.00E+03,(b),1.00E+07,(b),,,,,,,,,,,,,,,,
Zr95,Zr-95,(a),2.00E+00,,8.00E-01,,1.00E+01,,1.00E+06,,,,,,,,,,,,,,,,,
Zr97,Zr-97,(a),4.00E-01,,4.00E-01,,1.00E+01,(b),1.00E+05,(b),,,,,,,,,,,,,,,,
(a),Mg-28,Al-28,,,,,,,,,,,,,,,,,,,,,,,,
(a),Ca-47,Sc-47,,,,,,,,,,,,,,,,,,,,,,,,
(a),Ti-44,Sc-44,,,,,,,,,,,,,,,,,,,,,,,,
(a),Fe-52,Mn-52m,,,,,,,,,,,,,,,,,,,,,,,,
(a),Fe-60,Co-60m,,,,,,,,,,,,,,,,,,,,,,,,
(a),Zn-69m,Zn-69,,,,,,,,,,,,,,,,,,,,,,,,
(a),Ge-68,Ga-68,,,,,,,,,,,,,,,,,,,,,,,,
(a),Rb-83,Kr-83m,,,,,,,,,,,,,,,,,,,,,,,,
(a),Sr-82,Rb-82,,,,,,,,,,,,,,,,,,,,,,,,
(a),Sr-90,Y-90,,,,,,,,,,,,,,,,,,,,,,,,
(a),Sr-91,Y-91m,,,,,,,,,,,,,,,,,,,,,,,,
(a),Sr-92,Y-92,,,,,,,,,,,,,,,,,,,,,,,,
(a),Y-87,Sr-87m,,,,,,,,,,,,,,,,,,,,,,,,
(a),Zr-95,Nb-95m,,,,,,,,,,,,,,,,,,,,,,,,
(a),Zr-97,Nb-97m,Nb-97,,,,,,,,,,,,,,,,,,,,,,,
(a),Mo-99,Tc-99m,,,,,,,,,,,,,,,,,,,,,,,,
(a),Tc-95m,Tc-95,,,,,,,,,,,,,,,,,,,,,,,,
(a),Tc-96m,Tc-96,,,,,,,,,,,,,,,,,,,,,,,,
(a),Ru-103,Rh-103m,,,,,,,,,,,,,,,,,,,,,,,,
(a),Ru-106,Rh-106,,,,,,,,,,,,,,,,,,,,,,,,
(a),Pd-103,Rh-103m,,,,,,,,,,,,,,,,,,,,,,,,
(a),Ag-108m,Ag-108,,,,,,,,,,,,,,,,,,,,,,,,
(a),Ag-110m,Ag-110,,,,,,,,,,,,,,,,,,,,,,,,
(a),Cd-115,In-115m,,,,,,,,,,,,,,,,,,,,,,,,
(a),In-114m,In-114,,,,,,,,,,,,,,,,,,,,,,,,
(a),Sn-113,In-113m,,,,,,,,,,,,,,,,,,,,,,,,
(a),Sn-121m,Sn-121,,,,,,,,,,,,,,,,,,,,,,,,
(a),Sn-126,Sb-126m,,,,,,,,,,,,,,,,,,,,,,,,
(a),Te-127m,Te-127,,,,,,,,,,,,,,,,,,,,,,,,
(a),Te-129m,Te-129,,,,,,,,,,,,,,,,,,,,,,,,
(a),Te-131m,Te-131,,,,,,,,,,,,,,,,,,,,,,,,
(a),Te-132,I-132,,,,,,,,,,,,,,,,,,,,,,,,
(a),I-135,Xe-135m,,,,,,,,,,,,,,,,,,,,,,,,
(a),X-122,I-122,,,,,,,,,,,,,,,,,,,,,,,,
(a),Cs-137,Ba-137m,,,,,,,,,,,,,,,,,,,,,,,,
(a),Ba-131,Cs-131,,,,,,,,,,,,,,,,,,,,,,,,
(a),Ba-140,La-140,,,,,,,,,,,,,,,,,,,,,,,,
(a),Ce-144,Pr-144m,Pr-144,,,,,,,,,,,,,,,,,,,,,,,
(a),Pm-148m,Pm-148,,,,,,,,,,,,,,,,,,,,,,,,
(a),Gd-146,Eu-146,,,,,,,,,,,,,,,,,,,,,,,,
(a),Dy-166,Ho-166,,,,,,,,,,,,,,,,,,,,,,,,
(a),Hf-172,Lu-172,,,,,,,,,,,,,,,,,,,,,,,,
(a),W-178,Ta-178,,,,,,,,,,,,,,,,,,,,,,,,
(a),W-188,Re-188,,,,,,,,,,,,,,,,,,,,,,,,
(a),Re-189,Os-189m,,,,,,,,,,,,,,,,,,,,,,,,
(a),Os-194,Ir-194,,,,,,,,,,,,,,,,,,,,,,,,
(a),Ir-189,Os-189m,,,,,,,,,,,,,,,,,,,,,,,,
(a),Pt-188,Ir-188,,,,,,,,,,,,,,,,,,,,,,,,
(a),Hg-194,Au-194,,,,,,,,,,,,,,,,,,,,,,,,
(a),Hg-195m,Hg-195,,,,,,,,,,,,,,,,,,,,,,,,
(a),Pb-210,Bi-210,,,,,,,,,,,,,,,,,,,,,,,,
(a),Pb-212,Bi-212,Tl-208,Po-212,,,,,,,,,,,,,,,,,,,,,,
(a),Bi-210m,Tl-206,,,,,,,,,,,,,,,,,,,,,,,,
(a),Bi-212,Tl-208,Po-212,,,,,,,,,,,,,,,,,,,,,,,
(a),At-211,Po-211,,,,,,,,,,,,,,,,,,,,,,,,
(a),Rn-222,Po-218,Pb-214,At-218,Bi-214,Po-214,,,,,,,,,,,,,,,,,,,,
(a),Ra-223,Rn-219,Po-215,Pb-211,Bi-211,Po-211,Tl-207,,,,,,,,,,,,,,,,,,,
(a),Ra-224,Rn-220,Po-216,Pb-212,Bi-212,Tl-208,Po-212,,,,,,,,,,,,,,,,,,,
(a),Ra-225,Ac-225,Fr-221,At-217,Bi-213,Tl-209,Po-213,Pb-209,,,,,,,,,,,,,,,,,,
(a),Ra-226,Rn-222,Po-218,Pb-214,At-218,Bi-214,Po-214,,,,,,,,,,,,,,,,,,,
(a),Ra-228,Ac-228,,,,,,,,,,,,,,,,,,,,,,,,
(a),Ac-225,Fr-221,At-217,Bi-213,Tl-209,Po-213,Pb-209,,,,,,,,,,,,,,,,,,,
(a),Ac-227,Fr-223,,,,,,,,,,,,,,,,,,,,,,,,
(a),Th-228,Ra-224,Rn-220,Po-216,Pb-212,Bi-212,Tl-208,Po-212,,,,,,,,,,,,,,,,,,
(a),Th-234,Pa-234m,Pa-234,,,,,,,,,,,,,,,,,,,,,,,
(a),Pa-230,Ac-226,Th-226,Fr-222,Ra-222,Rn-218,Po-214,,,,,,,,,,,,,,,,,,,
(a),U-230,Th-226,Ra-222,Rn-218,Po-214,,,,,,,,,,,,,,,,,,,,,
(a),U-235,Th-231,,,,,,,,,,,,,,,,,,,,,,,,
(a),Pu-241,U-237,,,,,,,,,,,,,,,,,,,,,,,,
(a),Pu-244,U-240,Np-240m,,,,,,,,,,,,,,,,,,,,,,,
(a),Am-242m,Am-242,Np-238,,,,,,,,,,,,,,,,,,,,,,,
(a),Am-243,Np-239,,,,,,,,,,,,,,,,,,,,,,,,
(a),Cm-247,Pu-243,,,,,,,,,,,,,,,,,,,,,,,,
(a),Bk-249,Am-245,,,,,,,,,,,,,,,,,,,,,,,,
(a),Cf-253,Cm-249,,,,,,,,,,,,,,,,,,,,,,,,
(b),Sr-90,Y-90,,,,,,,,,,,,,,,,,,,,,,,,
(b),Zr-93,Nb-93m,,,,,,,,,,,,,,,,,,,,,,,,
(b),Zr-97,Nb-97,,,,,,,,,,,,,,,,,,,,,,,,
(b),Ru-106,Rh-106,,,,,,,,,,,,,,,,,,,,,,,,
(b),Ag-108m,Ag-108,,,,,,,,,,,,,,,,,,,,,,,,
(b),Cs-137,Ba-137m,,,,,,,,,,,,,,,,,,,,,,,,
(b),Ce-144,Pr-144,,,,,,,,,,,,,,,,,,,,,,,,
(b),Ba-140,La-140,,,,,,,,,,,,,,,,,,,,,,,,
(b),Bi-212,Tl-208,(0.36),Po-212,(0.64),,,,,,,,,,,,,,,,,,,,,
(b),Pb-210,Bi-210,,Po-210,,,,,,,,,,,,,,,,,,,,,,
(b),Pb-212,Bi-212,,Tl-208,(0.36),Po-212,(0.64),,,,,,,,,,,,,,,,,,,
(b),Rn-222,Po-218,,Pb-214,,Bi-214,,Po-214,,,,,,,,,,,,,,,,,,
(b),Ra-223,Rn-219,,Po-215,,Pb-211,,Bi-211,,Tl-207,,,,,,,,,,,,,,,,
(b),Ra-224,Rn-220,,Po-216,,Pb-212,,Bi-212,,Tl-208,(0.36),Po-212,(0.64),,,,,,,,,,,,,
(b),Ra-226,Rn-222,,Po-218,,Pb-214,,Bi-214,,Po-214,,Pb-210,,Bi-210,,Po-210,,,,,,,,,,
(b),Ra-228,Ac-228,,,,,,,,,,,,,,,,,,,,,,,,
(b),Th-228,Ra-224,,Rn-220,,Po-216,,Pb-212,,Bi-212,,Tl-208,(0.36),Po-212,(0.64),,,,,,,,,,,
(b),Th-229,Ra-225,,Ac-225,,Fr-221,,At-217,,Bi-213,,Po-213,,Pb-209,,,,,,,,,,,,
(b),Th-natural,Ra-228,,Ac-228,,Th-228,,Ra-224,,Rn-220,,Po-216,,Pb-212,,Bi-212,,Tl-208,(0.36),Po-212,(0.64),,,,,
(b),Th-234,Pa-234m,,,,,,,,,,,,,,,,,,,,,,,,
(b),U-230,Th-226,,Ra-222,,Rn-218,,Po-214,,,,,,,,,,,,,,,,,,
(b),U-232,Th-228,,Ra-224,,Rn-220,,Po-216,,Pb-212,,Bi-212,,Tl-208,(0.36),Po-212,(0.64),,,,,,,,,
(b),U-235,Th-231,,,,,,,,,,,,,,,,,,,,,,,,
(b),U-238,Th-234,,Pa-234m,,,,,,,,,,,,,,,,,,,,,,
(b),U-natural,Th-234,,Pa-234m,,U-234,,Th-230,,Ra-226,,Rn-222,,Po-218,,Pb-214,,Bi-214,,Po-214,,Pb-210,,Bi-210,,Po-210
(b),Np-237,Pa-233,,,,,,,,,,,,,,,,,,,,,,,,
(b),Am-242m,Am-242,,,,,,,,,,,,,,,,,,,,,,,,
(b),Am-243,Np-239,,,,,,,,,,,,,,,,,,,,,,,,
(c),The quantity may be determined from a measurement of the rate of decay or a measurement of the dose rate at a prescribed distance from the source.,,,,,,,,,,,,,,,,,,,,,,,,,
(d),The values apply only to compounds of uranium that take the chemical form of:,UF6,UO2F2,UO2(NO3)2,in both normal and accident conditions of transport.,,,,,,,,,,,,,,,,,,,,,
(e),The values apply only to compounds of uranium that take the chemical form of:,UO3,UF4,UCl4,and hexavalent compounds in both normal and accident conditions of transport.,,,,,,,,,,,,,,,,,,,,,
(f),These values apply to all compounds of uranium other than those specified in (d) and (e) above.,,,,,,,,,,,,,,,,,,,,,,,,,
(g),These values apply to unirradiated uranium only.,,,,,,,,,,,,,,,,,,,,,,,,,
